{
  "comparison": {
    "Ridge": {
      "train": {
        "rmse": 0.355403,
        "mae": 0.262833,
        "r2": 0.764781
      },
      "val": {
        "rmse": 0.303358,
        "mae": 0.230937,
        "r2": 0.798819
      },
      "test": {
        "rmse": 0.363984,
        "mae": 0.274838,
        "r2": 0.753738
      },
      "coefficients": {
        "log_stellar_mass": 0.16995129747056245,
        "log_gas_mass": 0.06355038874361467,
        "vel_disp": 0.493985635141917,
        "sfr": -0.017887472446283338,
        "half_mass_rad": -0.04332237561218027,
        "env_dist_5nn": -0.004577689785608227
      }
    },
    "RandomForest": {
      "config": {
        "n_estimators": 200,
        "max_depth": 15,
        "min_samples_leaf": 5
      },
      "train": {
        "rmse": 0.084576,
        "mae": 0.054022,
        "r2": 0.986679
      },
      "val": {
        "rmse": 0.097633,
        "mae": 0.063299,
        "r2": 0.979161
      },
      "test": {
        "rmse": 0.104241,
        "mae": 0.068118,
        "r2": 0.979802
      }
    },
    "XGBoost": {
      "config": {
        "n_estimators": 300,
        "max_depth": 6,
        "learning_rate": 0.1,
        "subsample": 0.8
      },
      "train": {
        "rmse": 0.097998,
        "mae": 0.063884,
        "r2": 0.982116
      },
      "val": {
        "rmse": 0.097719,
        "mae": 0.063312,
        "r2": 0.979125
      },
      "test": {
        "rmse": 0.10441,
        "mae": 0.068027,
        "r2": 0.979736
      }
    },
    "MLP": {
      "train": {
        "rmse": 0.110852,
        "mae": 0.074422,
        "r2": 0.977117
      },
      "val": {
        "rmse": 0.100498,
        "mae": 0.068104,
        "r2": 0.97792
      },
      "test": {
        "rmse": 0.107884,
        "mae": 0.073305,
        "r2": 0.978365
      },
      "mc_dropout": {
        "n_samples": 50,
        "mean_uncertainty": 0.452056,
        "median_uncertainty": 0.44866,
        "p90_uncertainty": 0.527943
      },
      "_meta": {
        "architecture": [
          256,
          128,
          64
        ],
        "dropout": 0.1,
        "epochs_run": 89,
        "best_epoch": 69,
        "features": [
          "log_stellar_mass",
          "log_gas_mass",
          "vel_disp",
          "sfr",
          "half_mass_rad",
          "env_dist_5nn"
        ],
        "device": "cpu",
        "n_params": 43905,
        "elapsed_seconds": 552.3
      }
    }
  },
  "mass_bins": {
    "Ridge": {
      "bin_labels": [
        "[7.5, 9.0)",
        "[9.0, 10.0)",
        "[10.0, 10.5)",
        "[10.5, 11.0)",
        "[11.0, 11.5)",
        "[11.5, 12.0)",
        "[12.0, 15.0)"
      ],
      "bin_rmse": [
        0.8402,
        0.2397,
        0.3287,
        0.2266,
        0.2327,
        0.2655,
        0.5995
      ],
      "bin_mae": [
        0.7949,
        0.2059,
        0.2711,
        0.18,
        0.1827,
        0.2049,
        0.392
      ],
      "bin_counts": [
        2954,
        13750,
        9319,
        4072,
        1739,
        623,
        310
      ]
    },
    "RandomForest": {
      "bin_labels": [
        "[7.5, 9.0)",
        "[9.0, 10.0)",
        "[10.0, 10.5)",
        "[10.5, 11.0)",
        "[11.0, 11.5)",
        "[11.5, 12.0)",
        "[12.0, 15.0)"
      ],
      "bin_rmse": [
        0.2441,
        0.0917,
        0.0635,
        0.0685,
        0.0565,
        0.0485,
        0.0424
      ],
      "bin_mae": [
        0.1878,
        0.0653,
        0.0491,
        0.0536,
        0.0411,
        0.0361,
        0.0311
      ],
      "bin_counts": [
        2954,
        13750,
        9319,
        4072,
        1739,
        623,
        310
      ]
    },
    "XGBoost": {
      "bin_labels": [
        "[7.5, 9.0)",
        "[9.0, 10.0)",
        "[10.0, 10.5)",
        "[10.5, 11.0)",
        "[11.0, 11.5)",
        "[11.5, 12.0)",
        "[12.0, 15.0)"
      ],
      "bin_rmse": [
        0.2445,
        0.0908,
        0.0623,
        0.0677,
        0.0561,
        0.0484,
        0.1351
      ],
      "bin_mae": [
        0.1875,
        0.0644,
        0.0483,
        0.0531,
        0.0416,
        0.0374,
        0.0908
      ],
      "bin_counts": [
        2954,
        13750,
        9319,
        4072,
        1739,
        623,
        310
      ]
    },
    "MLP": {
      "bin_labels": [
        "[7.5, 9.0)",
        "[9.0, 10.0)",
        "[10.0, 10.5)",
        "[10.5, 11.0)",
        "[11.0, 11.5)",
        "[11.5, 12.0)",
        "[12.0, 15.0)"
      ],
      "bin_rmse": [
        0.2419,
        0.0957,
        0.0687,
        0.0823,
        0.0682,
        0.0496,
        0.0672
      ],
      "bin_mae": [
        0.1828,
        0.0709,
        0.0553,
        0.0626,
        0.0454,
        0.0376,
        0.0472
      ],
      "bin_counts": [
        2954,
        13750,
        9319,
        4072,
        1739,
        623,
        310
      ]
    }
  },
  "scaling": {
    "fractions": [
      0.05,
      0.1,
      0.25,
      0.5,
      0.75,
      1.0
    ],
    "Ridge_rmse": [
      0.3667,
      0.3661,
      0.3647,
      0.3646,
      0.3645,
      0.364
    ],
    "Ridge_r2": [
      0.7501,
      0.7508,
      0.7527,
      0.7529,
      0.7531,
      0.7537
    ],
    "RandomForest_rmse": [
      0.1094,
      0.1073,
      0.1063,
      0.1052,
      0.1047,
      0.1043
    ],
    "RandomForest_r2": [
      0.9777,
      0.9786,
      0.979,
      0.9794,
      0.9796,
      0.9798
    ]
  },
  "elapsed_seconds": 210.4
}