{
  "suite": "simba",
  "total_rows": 228773,
  "missingness": {
    "log10_M_halo": {
      "nan": 0,
      "inf": 0
    },
    "stellar_mass": {
      "nan": 0,
      "inf": 0
    },
    "gas_mass": {
      "nan": 0,
      "inf": 0
    },
    "vel_disp": {
      "nan": 0,
      "inf": 0
    },
    "sfr": {
      "nan": 0,
      "inf": 0
    },
    "half_mass_rad": {
      "nan": 0,
      "inf": 0
    },
    "pos_x": {
      "nan": 0,
      "inf": 0
    },
    "pos_y": {
      "nan": 0,
      "inf": 0
    },
    "pos_z": {
      "nan": 0,
      "inf": 0
    },
    "env_dist_5nn": {
      "nan": 0,
      "inf": 0
    }
  },
  "distribution_stats": {
    "log10_M_halo": {
      "mean": 9.997279,
      "std": 0.724373,
      "min": 7.864535,
      "q25": 9.575966,
      "median": 9.987141,
      "q75": 10.400269,
      "max": 14.520082,
      "skew": 0.2687,
      "kurtosis": 1.0826
    },
    "stellar_mass": {
      "mean": 1284941938.647418,
      "std": 20826237505.104706,
      "min": 0.0,
      "q25": 0.0,
      "median": 0.0,
      "q75": 50904467.0,
      "max": 4497329000000.0,
      "skew": 83.42,
      "kurtosis": 12430.4895
    },
    "gas_mass": {
      "mean": 5018654798.533175,
      "std": 101303875823.75409,
      "min": 0.0,
      "q25": 0.0,
      "median": 253318790.0,
      "q75": 1456583000.0,
      "max": 26410590000000.004,
      "skew": 124.5026,
      "kurtosis": 25043.0101
    },
    "vel_disp": {
      "mean": 27.4544,
      "std": 24.791824,
      "min": 3.795018,
      "q25": 12.816777,
      "median": 18.25262,
      "q75": 33.620033,
      "max": 736.0823,
      "skew": 3.5232,
      "kurtosis": 26.9273
    },
    "sfr": {
      "mean": 0.068639,
      "std": 0.956166,
      "min": 0.0,
      "q25": 0.0,
      "median": 0.0,
      "q75": 0.002715,
      "max": 265.48447,
      "skew": 143.9247,
      "kurtosis": 32739.4537
    },
    "half_mass_rad": {
      "mean": 25.634526,
      "std": 15.626848,
      "min": 0.957138,
      "q25": 18.83505,
      "median": 23.338884,
      "q75": 28.935556,
      "max": 458.92697,
      "skew": 6.5408,
      "kurtosis": 86.0478
    },
    "pos_x": {
      "mean": 12.444767,
      "std": 7.32756,
      "min": 0.000132,
      "q25": 5.965886,
      "median": 12.419314,
      "q75": 18.946418,
      "max": 24.999924,
      "skew": 0.0185,
      "kurtosis": -1.2303
    },
    "pos_y": {
      "mean": 12.322005,
      "std": 7.366021,
      "min": 1e-05,
      "q25": 5.850105,
      "median": 12.164372,
      "q75": 18.81805,
      "max": 24.999746,
      "skew": 0.0496,
      "kurtosis": -1.2423
    },
    "pos_z": {
      "mean": 12.422408,
      "std": 7.256232,
      "min": 0.000289,
      "q25": 6.119452,
      "median": 12.262225,
      "q75": 18.773137,
      "max": 24.99995,
      "skew": 0.0271,
      "kurtosis": -1.2264
    },
    "env_dist_5nn": {
      "mean": 1.149954,
      "std": 0.526585,
      "min": 0.213238,
      "q25": 0.771163,
      "median": 1.037965,
      "q75": 1.403672,
      "max": 6.2838,
      "skew": 1.4656,
      "kurtosis": 3.6267
    }
  },
  "feature_target_correlations": {
    "stellar_mass": 0.2105,
    "gas_mass": 0.1489,
    "vel_disp": 0.8522,
    "sfr": 0.1758,
    "half_mass_rad": 0.3128,
    "pos_x": 0.0123,
    "pos_y": 0.0091,
    "pos_z": 0.0092,
    "env_dist_5nn": -0.1143
  },
  "ood_detection": {
    "total_outliers": 4654,
    "total": 228773,
    "pct": 2.03,
    "train": {
      "outliers": 3183,
      "total": 159143
    },
    "val": {
      "outliers": 792,
      "total": 36863
    },
    "test": {
      "outliers": 679,
      "total": 32767
    }
  },
  "elapsed_seconds": 18.6
}